Datetime,Water Level (m)
2026-01-06 06:00:00,-0.6383983
2026-01-06 07:00:00,-0.49757394
2026-01-06 08:00:00,-0.19055381
2026-01-06 09:00:00,0.083146214
2026-01-06 10:00:00,0.24605578
2026-01-06 11:00:00,0.26328072
2026-01-06 12:00:00,0.0996342
2026-01-06 13:00:00,-0.11097132
2026-01-06 14:00:00,-0.2762024
2026-01-06 15:00:00,-0.41487724
2026-01-06 16:00:00,-0.543957
2026-01-06 17:00:00,-0.66404665
2026-01-06 18:00:00,-0.7448306
2026-01-06 19:00:00,-0.5373329
2026-01-06 20:00:00,-0.19634414
2026-01-06 21:00:00,0.13437118
2026-01-06 22:00:00,0.36787045
2026-01-06 23:00:00,0.4587215
2026-01-07 00:00:00,0.342465
2026-01-07 01:00:00,0.09544019
2026-01-07 02:00:00,-0.10354346
2026-01-07 03:00:00,-0.25595286
2026-01-07 04:00:00,-0.39786702
2026-01-07 05:00:00,-0.5323401
2026-01-07 06:00:00,-0.65244794
2026-01-07 07:00:00,-0.7088818
2026-01-07 08:00:00,-0.45284137
2026-01-07 09:00:00,-0.15637864
2026-01-07 10:00:00,0.088003844
2026-01-07 11:00:00,0.21897233
2026-01-07 12:00:00,0.20030998
2026-01-07 13:00:00,0.015365016
2026-01-07 14:00:00,-0.18010458
2026-01-07 15:00:00,-0.33285952
2026-01-07 16:00:00,-0.46270657
2026-01-07 17:00:00,-0.5824196
2026-01-07 18:00:00,-0.68554986
2026-01-07 19:00:00,-0.67063934
2026-01-07 20:00:00,-0.36731148
2026-01-07 21:00:00,-0.053813156
2026-01-07 22:00:00,0.20777968
2026-01-07 23:00:00,0.3651751
2026-01-08 00:00:00,0.36787635
2026-01-08 01:00:00,0.17953824
2026-01-08 02:00:00,-0.041790444
2026-01-08 03:00:00,-0.21151674
2026-01-08 04:00:00,-0.35498965
2026-01-08 05:00:00,-0.4909546
2026-01-08 06:00:00,-0.61641204
2026-01-08 07:00:00,-0.71766204
2026-01-08 08:00:00,-0.6500466
2026-01-08 09:00:00,-0.35477063
2026-01-08 10:00:00,-0.08771997
2026-01-08 11:00:00,0.10350254
2026-01-08 12:00:00,0.18514645
2026-01-08 13:00:00,0.1194338
2026-01-08 14:00:00,-0.069621995
2026-01-08 15:00:00,-0.2417772
2026-01-08 16:00:00,-0.37881866
2026-01-08 17:00:00,-0.49871054
2026-01-08 18:00:00,-0.60707146
2026-01-08 19:00:00,-0.6839131
2026-01-08 20:00:00,-0.5506587
2026-01-08 21:00:00,-0.2596997
2026-01-08 22:00:00,0.016747331
2026-01-08 23:00:00,0.21105674
2026-01-09 00:00:00,0.29180744
2026-01-09 01:00:00,0.21306469
2026-01-09 02:00:00,0.006587073
2026-01-09 03:00:00,-0.17829092
2026-01-09 04:00:00,-0.32419437
2026-01-09 05:00:00,-0.45417058
2026-01-09 06:00:00,-0.5748378
2026-01-09 07:00:00,-0.68005896
2026-01-09 08:00:00,-0.7226904
2026-01-09 09:00:00,-0.5158549
2026-01-09 10:00:00,-0.2562337
2026-01-09 11:00:00,-0.028460965
2026-01-09 12:00:00,0.11782629
2026-01-09 13:00:00,0.16246054
2026-01-09 14:00:00,0.06724577
2026-01-09 15:00:00,-0.11579159
2026-01-09 16:00:00,-0.27134833
2026-01-09 17:00:00,-0.39689472
2026-01-09 18:00:00,-0.5072091
2026-01-09 19:00:00,-0.5983952
2026-01-09 20:00:00,-0.6108015
2026-01-09 21:00:00,-0.39059937
2026-01-09 22:00:00,-0.14276609
2026-01-09 23:00:00,0.06727819
2026-01-10 00:00:00,0.19078095
2026-01-10 01:00:00,0.19741634
2026-01-10 02:00:00,0.05718897
2026-01-10 03:00:00,-0.12972881
2026-01-10 04:00:00,-0.2830981
2026-01-10 05:00:00,-0.41267335
2026-01-10 06:00:00,-0.5314172
2026-01-10 07:00:00,-0.6368249
2026-01-10 08:00:00,-0.71541405
2026-01-10 09:00:00,-0.6612183
2026-01-10 10:00:00,-0.43293735
2026-01-10 11:00:00,-0.20678887
2026-01-10 12:00:00,-0.024244465
2026-01-10 13:00:00,0.08316258
2026-01-10 14:00:00,0.09594132
2026-01-10 15:00:00,-0.0118891075
2026-01-10 16:00:00,-0.17490318
2026-01-10 17:00:00,-0.3123255
2026-01-10 18:00:00,-0.42490897
2026-01-10 19:00:00,-0.5211334
2026-01-10 20:00:00,-0.58554083
2026-01-10 21:00:00,-0.534697
2026-01-10 22:00:00,-0.32896468
2026-01-10 23:00:00,-0.13049568
2026-01-11 00:00:00,0.010197992
2026-01-11 01:00:00,0.06766503
2026-01-11 02:00:00,0.008979007
2026-01-11 03:00:00,-0.14276469
2026-01-11 04:00:00,-0.29283163
2026-01-11 05:00:00,-0.42261246
2026-01-11 06:00:00,-0.53370607
2026-01-11 07:00:00,-0.63308376
2026-01-11 08:00:00,-0.717369
2026-01-11 09:00:00,-0.7518065
2026-01-11 10:00:00,-0.62414277
2026-01-11 11:00:00,-0.4233186
2026-01-11 12:00:00,-0.22541675
2026-01-11 13:00:00,-0.072890185
2026-01-11 14:00:00,0.0153397005
2026-01-11 15:00:00,0.020051464
2026-01-11 16:00:00,-0.079202875
2026-01-11 17:00:00,-0.2249332
2026-01-11 18:00:00,-0.3514386
2026-01-11 19:00:00,-0.452977
2026-01-11 20:00:00,-0.53326213
2026-01-11 21:00:00,-0.5734112
2026-01-11 22:00:00,-0.5063614
2026-01-11 23:00:00,-0.34448126
2026-01-12 00:00:00,-0.18978758
2026-01-12 01:00:00,-0.09180812
2026-01-12 02:00:00,-0.076734655
2026-01-12 03:00:00,-0.15301655
2026-01-12 04:00:00,-0.28074488
2026-01-12 05:00:00,-0.4062848
2026-01-12 06:00:00,-0.51553375
